country,countrycode,year,rgdpna,rconna,rdana,pop,rgdpna_percapita,rconna_percapita,rdana_percapita,investment_percapita,investment,s,s_pct,s_pct_average,rgdpna_percapita_avg,pop_growth
France,FRA,1970,926857.3125,688303.1875,981797.4375,52.03509903,17812.15621,13227.67133,17812.15621,4584.484885,293494.25,0.3166552673,31.66552673,,,
France,FRA,1971,976135.6875,727921.375,1030099.125,52.47981644,18600.21154,13870.50154,18600.21154,4729.709998,302177.75,0.3095653134,30.95653134,27.9463343,22190.73251,0.8546489164
France,FRA,1972,1020172.875,763909.25,1081916.625,52.957798,19263.88395,14424.86808,19263.88395,4839.015871,318007.375,0.3117191045,31.17191045,,,0.9107912192
France,FRA,1973,1084898.5,808531.75,1154368,53.43917847,20301.55648,15129.94348,20301.55648,5171.612998,345836.25,0.3187729082,31.87729082,,,0.908988833
France,FRA,1974,1131559.125,835033,1191634.25,53.88049698,21001.27483,15497.87116,21001.27483,5503.403673,356601.25,0.3151415088,31.51415088,,,0.8258332606
France,FRA,1975,1120697.5,858978.5625,1165363.125,54.25201797,20657.25003,15833.11727,20657.25003,4824.132766,306384.5625,0.2733873882,27.33873882,,,0.6895277713
France,FRA,1976,1169523.625,902551.75,1236840.375,54.54368591,21441.96171,16547.31863,21441.96171,4894.643084,334288.625,0.2858331528,28.58331528,,,0.5376167577
France,FRA,1977,1210039.5,927018.25,1265054,54.77058029,22092.87347,16925.47797,22092.87347,5167.395498,338035.75,0.2793592689,27.93592689,,,0.4159865184
France,FRA,1978,1258181.5,969392.25,1310021.75,54.95850372,22893.29976,17638.62159,22893.29976,5254.678174,340629.5,0.2707316075,27.07316075,,,0.3431101679
France,FRA,1979,1302846.75,1002215.875,1361368.875,55.14499664,23625.83787,18174.19414,23625.83787,5451.643727,359153,0.2756678788,27.56678788,,,0.3393340564
France,FRA,1980,1323415.375,1019514.125,1389387.5,55.35782623,23906.56327,18416.802,23906.56327,5489.761262,369873.375,0.279483964,27.9483964,,,0.385945422
France,FRA,1981,1337563,1042233.875,1385986.375,55.60401154,24055.15291,18743.86121,24055.15291,5311.2917,343752.5,0.2569991096,25.69991096,,,0.4447163604
France,FRA,1982,1371074.25,1079422.75,1434979.125,55.87683868,24537.43416,19317.89227,24537.43416,5219.541887,355556.375,0.2593268563,25.93268563,,,0.4906608938
France,FRA,1983,1388087.375,1093766.75,1429230.375,56.17345428,24710.73557,19471.23893,24710.73557,5239.496641,335463.625,0.2416732772,24.16732772,,,0.5308381916
France,FRA,1984,1409099.25,1105493.5,1440153.125,56.48678589,24945.64397,19570.83383,24945.64397,5374.810147,334659.625,0.2374989732,23.74989732,,,0.5577930252
France,FRA,1985,1431965.75,1129362.375,1472458.375,56.81077194,25205.8844,19879.37035,25205.8844,5326.514051,343096,0.2395979094,23.95979094,,,0.5735607804
,,,,,,,,,,,,,,,Average,0.587290145
Spain,ESP,1970,472331.7813,334951.375,484728,33.9802742,13900.17569,9857.229904,13900.17569,4042.945784,149776.625,0.3171004597,31.71004597,,,
Spain,ESP,1971,494292.7188,351673.125,499282.0625,34.3639183,14384.06163,10233.79004,14384.06163,4150.271589,147608.9375,0.2986265666,29.86265666,28.38116173,17050.55139,1.129020024
Spain,ESP,1972,534576.3125,379366.1875,547095,34.76052094,15378.8349,10913.70835,15378.8349,4465.126552,167728.8125,0.3137602781,31.37602781,,,1.154125198
Spain,ESP,1973,576211.625,408232.0313,595283.5,35.16555786,16385.68133,11608.85981,16385.68133,4776.821524,187051.4687,0.3246228653,32.46228653,,,1.165221087
Spain,ESP,1974,608587.6875,431367.5625,636368.75,35.57247543,17108.38732,12126.44207,17108.38732,4981.94525,205001.1875,0.336847412,33.6847412,,,1.157148058
Spain,ESP,1975,611887.5,441192.25,637844.3125,35.97531509,17008.53762,12263.74943,17008.53762,4744.788185,196652.0625,0.3213859778,32.13859778,,,1.132447644
Spain,ESP,1976,632103,466750.2813,662525.0625,36.37310028,17378.30966,12832.29303,17378.30966,4546.016628,195774.7812,0.3097197469,30.97197469,,,1.105717042
Spain,ESP,1977,650045.6875,475465.9688,665016,36.76353073,17681.80788,12933.08775,17681.80788,4748.720137,189550.0312,0.2915949369,29.15949369,,,1.073404376
Spain,ESP,1978,659555.875,483109.2813,663732.9375,37.13770294,17759.73802,13008.59351,17759.73802,4751.144517,180623.6562,0.273856489,27.3856489,,,1.017780944
Spain,ESP,1979,659829.875,491686.5313,669211.3125,37.48474884,17602.62228,13116.97548,17602.62228,4485.6468,177524.7812,0.269046292,26.9046292,,,0.9344840217
Spain,ESP,1980,674403.75,503031.1875,685131.8125,37.79679489,17842.88197,13308.83185,17842.88197,4534.050122,182100.625,0.2700172189,27.00172189,,,0.83246136
Spain,ESP,1981,673510.375,502430.9063,670681,38.07126236,17690.78127,13197.11707,17690.78127,4493.6642,168250.0937,0.2498106933,24.98106933,,,0.7261659905
Spain,ESP,1982,681905.4375,506903.4688,677488.125,38.30971146,17799.80615,13231.72244,17799.80615,4568.083706,170584.6562,0.250158815,25.0158815,,,0.6263230721
Spain,ESP,1983,693975.9375,511548.5938,679079.4375,38.51406097,18018.76821,13282.12556,18018.76821,4736.642647,167530.8437,0.2414072803,24.14072803,,,0.5334143804
Spain,ESP,1984,706361.25,512531.5,677629.9375,38.6881218,18257.83256,13247.77415,18257.83256,5010.05841,165098.4375,0.2337308813,23.37308813,,,0.4519409941
Spain,ESP,1985,722758.9375,526242.5625,699198.75,38.83588409,18610.5957,13550.42057,18610.5957,5060.175135,172956.1875,0.2392999637,23.92999637,,,0.3819319293
,,,,,,,,,,,,,,,Average,0.8947724081
Sweden,SWE,1970,170080.0781,140378.3906,199708.0625,8.054916382,21115.06439,17427.66578,21115.06439,3687.398614,59329.6719,0.3488337527,34.88337527,,,
Sweden,SWE,1971,171686.7344,141404.5781,196109.4063,8.09579277,21206.90824,17466.42758,21206.90824,3740.480662,54704.8282,0.3186316543,31.86316543,27.9500718,23920.43645,0.5074712891
Sweden,SWE,1972,175616.1875,145809.6563,199044.2969,8.127034187,21608.88997,17941.31204,21608.88997,3667.577927,53234.6406,0.3031306018,30.31306018,,,0.3858969453
Sweden,SWE,1973,182584.6094,149607.5156,203454.875,8.151597977,22398.62784,18353.15186,22398.62784,4045.475978,53847.3594,0.2949172966,29.49172966,,,0.302247898
Sweden,SWE,1974,188424.0156,154514.3438,213683.8906,8.173968315,23051.71837,18903.22275,23051.71837,4148.495626,59169.5468,0.3140233829,31.40233829,,,0.2744288674
Sweden,SWE,1975,193234.2344,159739.0469,222873.7031,8.197340012,23572.79729,19486.69284,23572.79729,4086.10445,63134.6562,0.32672604,32.672604,,,0.2859284022
Sweden,SWE,1976,195278.8438,165932.7188,227498.6406,8.223249435,23747.16289,20178.48542,23747.16289,3568.677471,61565.9218,0.3152718472,31.52718472,,,0.3160711031
Sweden,SWE,1977,192161.6875,166469.0156,218244.9688,8.250695229,23290.36307,20176.36223,23290.36307,3114.000843,51775.9532,0.2694395219,26.94395219,,,0.3337585004
Sweden,SWE,1978,195527.5,167642.0469,211765.0469,8.277414322,23621.80898,20252.94861,23621.80898,3368.860373,44123,0.225661352,22.5661352,,,0.3238405038
Sweden,SWE,1979,203035.7656,173052.1406,225013.0938,8.300003052,24462.13144,20849.64783,24462.13144,3612.483611,51960.9532,0.2559201973,25.59201973,,,0.2728959687
Sweden,SWE,1980,206487.3125,173577.1406,230625.0469,8.316337585,24829.11623,20871.82475,24829.11623,3957.291484,57047.9063,0.2762780222,27.62780222,,,0.19680153
Sweden,SWE,1981,207426.4844,176636.5781,225868.5938,8.325492859,24914.61922,21216.35092,24914.61922,3698.268297,49232.0157,0.2373468164,23.73468164,,,0.110087811
Sweden,SWE,1982,210016.5469,178114.375,227155.5938,8.329424858,25213.81134,21383.75435,25213.81134,3830.05699,49041.2188,0.2335112139,23.35112139,,,0.04722842319
Sweden,SWE,1983,214008.2031,175884.0156,225439.0469,8.332443237,25683.72769,21108.33649,25683.72769,4575.391205,49555.0313,0.2315566907,23.15566907,,,0.03623754403
Sweden,SWE,1984,223059.75,179167.9063,234228.8594,8.340439796,26744.36306,21481.82958,26744.36306,5262.533484,55060.9531,0.2468439649,24.68439649,,,0.09596895859
Sweden,SWE,1985,227878.6719,183199.7656,245620.0938,8.357651711,27265.87321,21920.0048,27265.87321,5345.868414,62420.3282,0.2739191328,27.39191328,,,0.2063669953
,,,,,,,,,,,,,,,Average,0.246348716
Norway,NOR,1970,114797.2109,48777.75,80161.80469,3.876060009,29616.98494,12584.36399,29616.98494,17032.62095,31384.05469,0.2733869094,27.33869094,,,
Norway,NOR,1971,121309.0234,51629.78516,86216.78125,3.905268908,31062.91174,13220.54547,31062.91174,17842.36627,34586.99609,0.2851147847,28.51147847,25.60542308,40169.47855,0.7535718986
Norway,NOR,1972,127775.5234,53282.75391,86486.09375,3.933725119,32482.06713,13545.11368,32482.06713,18936.95346,33203.33984,0.2598568095,25.98568095,,,0.728662012
Norway,NOR,1973,133567.5313,55366.21484,92574.98438,3.960802078,33722.34428,13978.5361,33722.34428,19743.80818,37208.76954,0.2785764563,27.85764563,,,0.6883287007
Norway,NOR,1974,138807.4219,57081.78516,97452.5625,3.9857409,34826.00234,14321.49921,34826.00234,20504.50313,40370.77734,0.2908401927,29.08401927,,,0.6296407018
Norway,NOR,1975,145681.2188,60419.30078,102390.1406,4.008030891,36347.32934,15074.55966,36347.32934,21272.76968,41970.83982,0.2881005538,28.81005538,,,0.5592433517
Norway,NOR,1976,154167.9531,64034.63672,109008.5,4.02747488,38279.06013,15899.45031,38279.06013,22379.60982,44973.86328,0.2917199222,29.17199222,,,0.485125727
Norway,NOR,1977,160582.3281,67667.375,113201.6094,4.04433012,39705.54414,16731.41732,39705.54414,22974.12683,45534.2344,0.2835569451,28.35569451,,,0.4185063967
Norway,NOR,1978,166796,67798.75781,106650.2031,4.059183121,41091.02621,16702.56202,41091.02621,24388.46419,38851.44529,0.2329279197,23.29279197,,,0.3672549114
Norway,NOR,1979,174089.1719,70826.8125,110775.6563,4.07286787,42743.63359,17389.91167,42743.63359,25353.72192,39948.8438,0.2294734553,22.94734553,,,0.3371306145
Norway,NOR,1980,182035.6719,72757.35938,115029.0078,4.086075783,44550.2437,17806.16984,44550.2437,26744.07386,42271.64842,0.2322162902,23.22162902,,,0.3242902402
Norway,NOR,1981,184945.0781,73634.96094,116772.1875,4.098972797,45119.85984,17964.24729,45119.85984,27155.61256,43137.22656,0.2332434418,23.32434418,,,0.3156332551
Norway,NOR,1982,185380.3281,74775.25781,119332.8906,4.111657143,45086.52391,18186.16076,45086.52391,26900.36315,44557.63279,0.2403579347,24.03579347,,,0.3094518219
Norway,NOR,1983,192745.0625,76476.04688,119352.0625,4.124585152,46730.77543,18541.51243,46730.77543,28189.263,42876.01562,0.2224493591,22.24493591,,,0.3144233225
Norway,NOR,1984,204410.8594,78528.22656,125456.9297,4.138267994,49395.26867,18976.10949,49395.26867,30419.15918,46928.70314,0.2295802839,22.95802839,,,0.3317386233
Norway,NOR,1985,215762.4375,84227.26563,132874.4531,4.153104782,51952.08135,20280.55396,51952.08135,31671.52739,48647.18747,0.2254664344,22.54664344,,,0.3585265145
,,,,,,,,,,,,,,,Average,0.4614352061
Germany,DEU,1970,1503249.875,1111685.125,1582612.375,78.57298279,19131.89269,14148.4399,19131.89269,4983.452786,470927.25,0.3132727684,31.32727684,,,
Germany,DEU,1971,1550342.25,1174906.75,1646430.875,78.78660583,19677.73879,14912.51892,19677.73879,4765.219875,471524.125,0.3041419564,30.41419564,25.7128596,23537.56599,0.2718784911
Germany,DEU,1972,1617012.25,1236791.25,1716855.25,78.90171051,20494.00754,15675.08793,20494.00754,4818.91961,480064,0.2968833415,29.68833415,,,0.146096762
Germany,DEU,1973,1694264.75,1281908.5,1773688.375,78.93616486,21463.73279,16239.81229,21463.73279,5223.920502,491779.875,0.2902615279,29.02615279,,,0.04366743101
Germany,DEU,1974,1709344.875,1297812.5,1741859.5,78.91722107,21659.97297,16445.23822,21659.97297,5214.734749,444047,0.2597761321,25.97761321,,,-0.02399887306
Germany,DEU,1975,1694529.25,1348751.375,1763586.5,78.86650085,21486.04581,17101.70174,21486.04581,4384.344066,414835.125,0.244808477,24.4808477,,,-0.06427015462
Germany,DEU,1976,1778396,1398897.375,1852595.25,78.79449463,22570.05402,17753.74513,22570.05402,4816.30889,453697.875,0.255116338,25.5116338,,,-0.09130140075
Germany,DEU,1977,1837922.75,1450638.375,1911955,78.70179749,23352.99585,18432.08696,23352.99585,4920.908891,461316.625,0.2509989198,25.09989198,,,-0.1176441837
Germany,DEU,1978,1893216.5,1504723.125,1981759.875,78.58930969,24090.00038,19146.66423,24090.00038,4943.336142,477036.75,0.2519715785,25.19715785,,,-0.1429291371
Germany,DEU,1979,1971791.875,1556478.875,2087822,78.45484924,25132.82345,19839.16724,25132.82345,5293.656211,531343.125,0.2694722155,26.94722155,,,-0.1710925449
Germany,DEU,1980,1999571,1587767,2102629.5,78.30065155,25537.09274,20277.82616,25537.09274,5259.266581,514862.5,0.2574864809,25.74864809,,,-0.1965432239
Germany,DEU,1981,2010153.625,1601978.375,2052108.875,78.12610626,25729.60207,20505.03285,25729.60207,5224.569219,450130.5,0.2239284075,22.39284075,,,-0.2229167785
Germany,DEU,1982,2002216.625,1585494.25,2016597,77.94484711,25687.60732,20341.23241,25687.60732,5346.374911,431102.75,0.2153127412,21.53127412,,,-0.2320084267
Germany,DEU,1983,2033699.75,1599989,2068843,77.79007721,26143.43401,20568.03461,26143.43401,5575.399403,468854,0.2305423896,23.05423896,,,-0.1985633505
Germany,DEU,1984,2091110,1628165.375,2104695,77.70433807,26911.11014,20953.33948,26911.11014,5957.770653,476529.625,0.2278835762,22.78835762,,,-0.1102186077
Germany,DEU,1985,2139789.75,1653917.75,2129380.5,77.71743011,27532.94527,21281.16881,27532.94527,6251.776459,475462.75,0.2222006858,22.22006858,,,0.01684853166
,,,,,,,,,,,,,,,Average,-0.07286636438
Finland,FIN,1970,70686,54251.73828,79843.125,4.612366199,15325.32261,11762.23568,15325.32261,3563.08693,25591.38672,0.3620432153,36.20432153,,,
Finland,FIN,1971,72162.49219,55637.74609,81334.85156,4.629380226,15587.93805,12018.4006,15587.93805,3569.537453,25697.10547,0.356100582,35.6100582,33.58520713,19486.82772,0.3688784946
Finland,FIN,1972,77669.45313,60214.38281,85536.67188,4.651172161,16698.89878,12946.06622,16698.89878,3752.832558,25322.28907,0.3260263598,32.60263598,,,0.4707311548
Finland,FIN,1973,82879.11719,63738.63672,91597.91406,4.675456047,17726.42419,13632.60313,17726.42419,4093.821068,27859.27734,0.3361435098,33.61435098,,,0.5221024972
Finland,FIN,1974,85389.04688,65247.41406,97679.08594,4.698779106,18172.60292,13886.03563,18172.60292,4286.56729,32431.67188,0.3798106791,37.98106791,,,0.4988403006
Finland,FIN,1975,86373.72656,67852.44531,100120.1328,4.718749046,18304.36959,14379.32907,18304.36959,3925.040529,32267.68749,0.3735822081,37.35822081,,,0.4250027411
Finland,FIN,1976,86821.08594,69886.49219,99977.01563,4.734436989,18338.20709,14761.31003,18338.20709,3576.897061,30090.52344,0.3465808232,34.65808232,,,0.3324597864
Finland,FIN,1977,87128.85156,70490.17969,99847.375,4.74693203,18354.77125,14849.62903,18354.77125,3505.142219,29357.19531,0.3369400008,33.69400008,,,0.2639182025
Finland,FIN,1978,89866.88281,72486.08594,100081.3438,4.758252144,18886.5323,15233.7631,18886.5323,3652.769198,27595.25786,0.3070681546,30.70681546,,,0.2384722159
Finland,FIN,1979,96320.09375,76426.07031,105310.1719,4.771345139,20187.19899,16017.71997,20187.19899,4169.479017,28884.10159,0.2998761781,29.98761781,,,0.2751639594
Finland,FIN,1980,101784.0625,78826.40625,111076.9297,4.788242817,21257.08039,16462.49141,21257.08039,4794.588981,32250.52345,0.3168523898,31.68523898,,,0.3541491447
Finland,FIN,1981,103100.8672,80503.92188,113607.8125,4.809813023,21435.52498,16737.43272,21435.52498,4698.092257,33103.89062,0.3210825623,32.10825623,,,0.4504827099
Finland,FIN,1982,106284.0469,84156.82813,119286.5625,4.835100174,21981.7673,17405.39495,21981.7673,4576.372355,35129.73437,0.3305268796,33.05268796,,,0.5257408319
Finland,FIN,1983,109602.4531,86805.57813,123357.5234,4.862177849,22541.8437,17853.22973,22541.8437,4688.613966,36551.94527,0.3334956859,33.34956859,,,0.5600230404
Finland,FIN,1984,113124.1797,89618.94531,125996.1172,4.888204098,23142.27832,18333.71592,23142.27832,4808.562392,36377.17189,0.3215684921,32.15684921,,,0.5352796588
Finland,FIN,1985,117125.1484,93330.54688,131505.7813,4.911220074,23848.48299,19003.53588,23848.48299,4844.947113,38175.23442,0.3259354199,32.59354199,,,0.4708472793
,,,,,,,,,,,,,,,Average,0.587290145
Poland,POL,1970,252317.25,214321.6875,255732.625,32.63555527,7731.360717,6567.122444,7731.360717,1164.238273,41410.9375,0.1641224986,16.41224986,,,
Poland,POL,1971,271026.875,230430.3438,274898.125,32.88659668,8241.256389,7006.816365,8241.256389,1234.440024,44467.7812,0.1640714826,16.40714826,16.41655266,9983.528406,0.7692267158
Poland,POL,1972,283706.0938,241287.0469,287760.75,33.14318848,8560.012081,7280.139841,8560.012081,1279.872241,46473.7031,0.1638093228,16.38093228,,,0.780232149
Poland,POL,1973,295569.875,251304.1719,299602.1563,33.40761948,8847.379119,7522.360941,8847.379119,1325.018178,48297.9844,0.163406316,16.3406316,,,0.7978441789
Poland,POL,1974,316587.1563,268915.3438,320506.5313,33.68172073,9399.375965,7984.014414,9399.375965,1415.361551,51591.1875,0.1629604565,16.29604565,,,0.8204752517
Poland,POL,1975,335396.75,283979.9688,339785.7188,33.96657181,9874.318547,8360.571988,9874.318547,1513.746559,55805.75,0.1663872712,16.63872712,,,0.8457141554
Poland,POL,1976,361978.9375,309195.5625,368519.5,34.26186752,10565.06734,9024.480709,10565.06734,1540.586629,59323.9375,0.163887816,16.3887816,,,0.8693715446
Poland,POL,1977,387630.0625,330183.2188,393202.2813,34.56689453,11213.91053,9552.007008,11213.91053,1661.90352,63019.0625,0.1625752711,16.25752711,,,0.8902813305
Poland,POL,1978,408563.0938,346846.4375,412815.3125,34.88137817,11712.92865,9943.599012,11712.92865,1769.329641,65968.875,0.1614655753,16.14655753,,,0.9097827395
Poland,POL,1979,424281.0625,358628.25,426859.25,35.20473099,12051.81947,10186.9334,12051.81947,1864.886072,68231,0.1608155679,16.08155679,,,0.9270070076
Poland,POL,1980,398824.125,331955.25,405203.5313,35.53510666,11223.38337,9341.614004,11223.38337,1881.769362,73248.2813,0.183660608,18.3660608,,,0.9384411149
Poland,POL,1981,359056.25,319926.9688,375983.875,35.87372971,10008.89099,8918.140695,10008.89099,1090.750293,56056.9062,0.1561229089,15.61229089,,,0.9529253795
Poland,POL,1982,341940.1563,286361.125,341413.0625,36.21670914,9441.502677,7906.87867,9441.502677,1534.624007,55051.9375,0.1609987493,16.09987493,,,0.9560740764
Poland,POL,1983,360965.125,300751.1563,358878.75,36.5508461,9875.698199,8228.295331,9875.698199,1647.402868,58127.5937,0.161033822,16.1033822,,,0.9226044219
Poland,POL,1984,381326.2813,314745.375,376858.1875,36.85889435,10345.57026,8539.197405,10345.57026,1806.372857,62112.8125,0.1628862618,16.28862618,,,0.8427937596
Poland,POL,1985,395197.3125,325046.8438,391615.6563,37.12871552,10643.98019,8754.594368,10643.98019,1889.385822,66568.8125,0.1684444969,16.84444969,,,0.7320381546
,,,,,,,,,,,,,,,Average,0.863654132
Italy,ITA,1970,949428.625,728398.5,1019297.188,53.57868195,17720.26841,13594.9313,17720.26841,4125.337111,290898.688,0.3063934248,30.63934248,,,
Italy,ITA,1971,966690.25,757169,1030951.5,53.94992828,17918.2861,14034.66185,17918.2861,3883.624255,273782.5,0.2832163664,28.32163664,26.62629772,22130.093,0.6928993333
Italy,ITA,1972,1002365.813,785677.3125,1070926.5,54.3210144,18452.63429,14463.59795,18452.63429,3989.036341,285249.1875,0.2845759341,28.45759341,,,0.6878343157
Italy,ITA,1973,1073793,826831.375,1154178.625,54.68262863,19636.82118,15120.54917,19636.82118,4516.272008,327347.25,0.304851354,30.4851354,,,0.6656985956
Italy,ITA,1974,1132853.125,852845.6875,1209637.5,55.0222168,20589.01278,15500.02412,20589.01278,5088.988663,356791.8125,0.3149497535,31.49497535,,,0.6210165431
Italy,ITA,1975,1109174.625,861593.5,1143855.875,55.33069229,20046.28135,15571.7101,20046.28135,4474.571251,282262.375,0.2544796542,25.44796542,,,0.5606380621
Italy,ITA,1976,1188207.625,899953,1228756.75,55.60428619,21368.99341,16184.95734,21368.99341,5184.036065,328803.75,0.276722471,27.6722471,,,0.4944704082
Italy,ITA,1977,1218631.75,927698.25,1237258.625,55.84506989,21821.65323,16611.99909,21821.65323,5209.654148,309560.375,0.2540229031,25.40229031,,,0.4330308264
Italy,ITA,1978,1258117.125,955186.75,1263388.125,56.05702591,22443.52255,17039.55453,22443.52255,5403.968014,308201.375,0.2449703361,24.49703361,,,0.3795429398
Italy,ITA,1979,1333090.25,1010511.625,1349030.625,56.24679947,23700.73075,17965.67333,23700.73075,5735.057426,338519,0.2539355456,25.39355456,,,0.3385366186
Italy,ITA,1980,1378815.5,1063545.625,1439329.375,56.41927719,24438.73032,18850.74886,24438.73032,5587.981461,375783.75,0.2725409962,27.25409962,,,0.3066445053
Italy,ITA,1981,1390455.875,1084791,1428606.25,56.57650375,24576.56064,19173.87834,24576.56064,5402.682293,343815.25,0.2472680048,24.72680048,,,0.2786752469
Italy,ITA,1982,1396206.625,1100272,1438372.625,56.71707535,24617.04198,19399.30776,24617.04198,5217.734222,338100.625,0.2421565827,24.21565827,,,0.2484628612
Italy,ITA,1983,1412531,1108064.875,1432964.375,56.83867645,24851.5815,19494.90988,24851.5815,5356.671619,324899.5,0.2300122971,23.00122971,,,0.2143994542
Italy,ITA,1984,1458097.25,1137207.625,1493730.75,56.93769455,25608.64576,19972.84284,25608.64576,5635.802916,356523.125,0.2445125831,24.45125831,,,0.1742090178
Italy,ITA,1985,1498896,1169740.25,1537868.25,57.01235199,26290.72381,20517.31264,26290.72381,5773.411173,368128,0.2455994278,24.55994278,,,0.1311212907
,,,,,,,,,,,,,,,Average,0.4151453346
United Kingdom,GBR,1970,878248.8125,696136.4375,894983.8125,55.63493347,15785.92366,12512.57787,15785.92366,3273.345785,198847.375,0.2264134858,22.64134858,,,
United Kingdom,GBR,1971,908850.25,718000.3125,915661.125,55.8097496,16284.79354,12865.14126,16284.79354,3419.652281,197660.8125,0.2174844673,21.74844673,19.81550534,18547.5709,0.3142200756
United Kingdom,GBR,1972,947948.5,760739.25,955711.25,55.95332336,16941.77295,13595.96185,16941.77295,3345.811093,194972,0.2056778401,20.56778401,,,0.2572556964
United Kingdom,GBR,1973,1009647.813,799878.8125,1034289.625,56.06682968,18007.93479,14266.52474,18007.93479,3741.410058,234410.8125,0.2321708713,23.21708713,,,0.2028589424
United Kingdom,GBR,1974,984776.0625,793110.25,1008920.625,56.15217972,17537.62841,14124.30032,17537.62841,3413.328093,215810.375,0.2191466499,21.91466499,,,0.1522291174
United Kingdom,GBR,1975,970210.5625,802654.5,988425.9375,56.21194839,17259.86361,14279.07274,17259.86361,2980.790869,185771.4375,0.1914753814,19.14753814,,,0.1064405163
United Kingdom,GBR,1976,998444.3125,809390.5,1018734.188,56.24740601,17750.9397,14389.82804,17750.9397,3361.111666,209343.688,0.2096698688,20.96698688,,,0.06307843975
United Kingdom,GBR,1977,1022837.313,804217,1017380.688,56.26202011,18179.88958,14294.13658,18179.88958,3885.752992,213163.688,0.2084042939,20.84042939,,,0.02598182038
United Kingdom,GBR,1978,1065815.25,840601.3125,1056257.375,56.26366043,18943.22626,14940.39503,18943.22626,4002.831237,215656.0625,0.2023390663,20.23390663,,,0.002915501428
United Kingdom,GBR,1979,1105692.25,871779.625,1094358.5,56.26212692,19652.51423,15494.96389,19652.51423,4157.550342,222578.875,0.2013027359,20.13027359,,,-0.002725578088
United Kingdom,GBR,1980,1083271.375,874490.375,1059612.125,56.26547623,19252.86068,15542.21938,19252.86068,3710.641302,185121.75,0.1708913891,17.08913891,,,0.005953045474
United Kingdom,GBR,1981,1074919.5,876403.9375,1042787.5,56.27631378,19100.74466,15573.22928,19100.74466,3527.515382,166383.5625,0.154786998,15.4786998,,,0.01926145609
United Kingdom,GBR,1982,1096531.375,885576.6875,1071125.375,56.29624176,19477.87882,15730.65377,19477.87882,3747.225053,185548.6875,0.1692142074,16.92142074,,,0.03541095474
United Kingdom,GBR,1983,1142826,917517.125,1123288.125,56.3308754,20287.73726,16287.99692,20287.73726,3999.740345,205771,0.1800545315,18.00545315,,,0.06152034118
United Kingdom,GBR,1984,1168839.5,936631.4375,1160205.25,56.38622665,20729.16685,16610.99693,20729.16685,4118.16992,223573.8125,0.191278454,19.1278454,,,0.09826094412
United Kingdom,GBR,1985,1217876.125,963955.875,1195560.125,56.4661293,21568.25942,17071.39992,21568.25942,4496.859501,231604.25,0.1901706136,19.01706136,,,0.141705971
,,,,,,,,,,,,,,,Average,0.09895781628
Romania,ROU,1970,99011.5625,62867.77734,93521.23438,20.54891014,4818.336439,3059.421493,4818.336439,1758.914946,30653.45704,0.3095947207,30.95947207,,,
Romania,ROU,1971,111883.0625,69348.57813,104317.9063,20.78374863,5383.199368,3336.673252,5383.199368,2046.526116,34969.32817,0.3125524757,31.25524757,34.50776149,9014.96596,1.142826984
Romania,ROU,1972,123764.4531,76492.29688,115778.7422,21.01170349,5890.262689,3640.461466,5890.262689,2249.801224,39286.44532,0.3174291514,31.74291514,,,1.096793769
Romania,ROU,1973,136635.9531,81687.92188,123963.0469,21.23346519,6434.934283,3847.130986,6434.934283,2587.803297,42275.12502,0.3093997155,30.93997155,,,1.0554199
Romania,ROU,1974,153467.9219,89978.21875,140774.5156,21.45112419,7154.306718,4194.568916,7154.306718,2959.737802,50796.29685,0.3309896702,33.09896702,,,1.025075267
Romania,ROU,1975,169309.7656,100487.2969,160263.5313,21.66564369,7814.665838,4638.094226,7814.665838,3176.571612,59776.2344,0.3530583968,35.30583968,,,1.000038497
Romania,ROU,1976,188121.9688,109287.5234,169802.4531,21.87740135,8598.917476,4995.452689,8598.917476,3603.464787,60514.9297,0.321679228,32.1679228,,,0.9773891929
Romania,ROU,1977,203963.8125,115425.8828,192692.9219,22.08377457,9235.912631,5226.727996,9235.912631,4009.184636,77267.0391,0.3788271956,37.88271956,,,0.9433168807
Romania,ROU,1978,218815.5469,127860.6563,217347.0313,22.2793045,9821.471173,5738.987781,9821.471173,4082.483392,89486.375,0.40895803,40.895803,,,0.8854008602
Romania,ROU,1979,232677.1719,137225.5469,229773.8906,22.45694542,10361.03386,6110.606066,10361.03386,4250.427795,92548.3437,0.3977542917,39.77542917,,,0.797336021
Romania,ROU,1980,242578.3281,138456.5313,235979.8125,22.6119709,10727.87194,6123.151843,10727.87194,4604.720095,97523.2812,0.4020280046,40.20280046,,,0.690323092
Romania,ROU,1981,242850.8906,141989.3906,227510.1875,22.73981667,10679.54479,6244.086866,10679.54479,4435.457922,85520.7969,0.3521535239,35.21535239,,,0.5653897688
Romania,ROU,1982,252429.4219,140194.375,227049.1563,22.84231758,11050.95492,6137.484715,11050.95492,4913.470208,86854.7813,0.3440755069,34.40755069,,,0.4507552171
Romania,ROU,1983,267692.7813,137302.2031,226362.7656,22.92892456,11674.89476,5988.165853,11674.89476,5686.728911,89060.5625,0.332696915,33.2696915,,,0.3791514574
Romania,ROU,1984,283677.0313,142095.3438,235179.4688,23.01316071,12326.73056,6174.525333,12326.73056,6152.205222,93084.125,0.3281341622,32.81341622,,,0.3673794197
Romania,ROU,1985,283398.9688,141119.6563,232348.8594,23.10364532,12266.41791,6108.112133,12266.41791,6158.305779,91229.2031,0.3219108506,32.19108506,,,0.3931863647
,,,,,,,,,,,,,,,Average,0.7846521795
,,,,,,,,,,,,,,,,
Greece,GRC,1970,115529.8438,88143.48438,137138.0469,8.659794807,13340.94472,10178.47262,13340.94472,3162.472094,48994.56252,0.4240857679,42.40857679,,,
Greece,GRC,1971,124588.7422,92868.21875,147179.6563,8.712682724,14299.6992,10658.96942,14299.6992,3640.729779,54311.43755,0.4359257232,43.59257232,33.63387505,17080.55696,0.6107294477
Greece,GRC,1972,137247.1406,98404.46094,161790.125,8.769758224,15650.04839,11220.88642,15650.04839,4429.161975,63385.66406,0.4618359536,46.18359536,,,0.6550852568
Greece,GRC,1973,148353.7031,104504.5469,177369.3281,8.835139275,16791.32592,11828.28517,16791.32592,4963.040744,72864.7812,0.4911557964,49.11557964,,,0.7455285463
Greece,GRC,1974,138802.3438,105795.2891,160912.9375,8.914175987,15570.96741,11868.20736,15570.96741,3702.760047,55117.6484,0.3970945079,39.70945079,,,0.8945723382
Greece,GRC,1975,147639.6094,114646.7969,169068.75,9.009917259,16386.34464,12724.51162,16386.34464,3661.833017,54421.9531,0.3686134996,36.86134996,,,1.0740339
Greece,GRC,1976,157755.7344,121090.9531,180251.3438,9.124754906,17288.76403,13270.59788,17288.76403,4018.166151,59160.3907,0.3750126163,37.50126163,,,1.274569385
Greece,GRC,1977,162395.3281,131183.625,185085.6875,9.255379677,17546.04714,14173.77024,17546.04714,3372.276902,53902.0625,0.3319188004,33.19188004,,,1.43154279
Greece,GRC,1978,174163.9063,140376.875,196722.7031,9.392112732,18543.63457,14946.25107,18543.63457,3597.383492,56345.8281,0.3235218439,32.35218439,,,1.47733599
Greece,GRC,1979,179880.0938,148451.4531,200041.1875,9.521672249,18891.6494,15590.90139,18891.6494,3300.748007,51589.7344,0.2868006866,28.68006866,,,1.379450191
Greece,GRC,1980,181098.125,149049.0781,201116.9688,9.634504318,18796.82846,15470.34213,18796.82846,3326.486329,52067.8907,0.2875120364,28.75120364,,,1.185002656
Greece,GRC,1981,178284.3594,150340.625,196900.2813,9.727724075,18327.44823,15454.86116,18327.44823,2872.58707,46559.6563,0.261153903,26.1153903,,,0.967561526
Greece,GRC,1982,176265.0313,153543.25,198211.8594,9.80416584,17978.58524,15661.0213,17978.58524,2317.563949,44668.6094,0.2534173061,25.34173061,,,0.7858134586
Greece,GRC,1983,174363.7969,157239.375,196899.4375,9.867160797,17671.12146,15935.62507,17671.12146,1735.496386,39660.0625,0.227455832,22.7455832,,,0.6425325523
Greece,GRC,1984,177869.5156,158697.2813,197123.6875,9.922430992,17926.00178,15993.79038,17926.00178,1932.211402,38426.4062,0.2160370543,21.60370543,,,0.5601428429
Greece,GRC,1985,182333.25,160782.6719,204520.5313,9.974739075,18279.50071,16118.98524,18279.50071,2160.515472,43737.8594,0.2398786804,23.98786804,,,0.5271700357
,,,,,,,,,,,,,,,Average,0.9474047278
Bulgaria,BGR,1970,35063.80469,34153.80469,40401.05469,8.507475853,4121.528559,4014.563812,4121.528559,106.9647467,6247.25,0.1781680584,17.81680584,,,
Bulgaria,BGR,1971,37481.99609,36509.28906,43185.91016,8.55896759,4379.266038,4265.618333,4379.266038,113.6477057,6676.6211,0.1781287497,17.81287497,17.85849352,6689.687328,0.605252814
Bulgaria,BGR,1972,40353.60156,39313,46515.33594,8.608611107,4687.585611,4566.706465,4687.585611,120.8791461,7202.33594,0.1784806228,17.84806228,,,0.5800175836
Bulgaria,BGR,1973,43648.39063,42508.32031,50273.13672,8.655673981,5042.748921,4911.035282,5042.748921,131.7136392,7764.81641,0.1778946783,17.78946783,,,0.5466953195
Bulgaria,BGR,1974,46943.17969,45725.12109,54081.51563,8.699138641,5396.302051,5256.281452,5396.302051,140.0205986,8356.39454,0.1780108334,17.80108334,,,0.502152231
Bulgaria,BGR,1975,51084.33594,49792.1875,58963.69531,8.738361359,5845.985745,5698.11495,5845.985745,147.8707949,9171.50781,0.1795365965,17.95365965,,,0.4508804793
Bulgaria,BGR,1976,54409.35156,52933.96484,62517.45703,8.772535324,6202.237956,6034.055479,6202.237956,168.182477,9583.49219,0.1761368573,17.61368573,,,0.3910797871
Bulgaria,BGR,1977,57825.05078,56354.48438,66668.07031,8.801884651,6569.621515,6402.547479,6569.621515,167.0740368,10313.58593,0.1783584414,17.83584414,,,0.3345592342
Bulgaria,BGR,1978,61059.38281,59634.53125,70876.44531,8.828014374,6916.547734,6755.146596,6916.547734,161.4011373,11241.91406,0.1841144398,18.41144398,,,0.2968650924
Bulgaria,BGR,1979,65109.85547,62988.41016,73792.60156,8.853186607,7354.397728,7114.772675,7354.397728,239.625053,10804.1914,0.1659378802,16.59378802,,,0.2851403717
Bulgaria,BGR,1980,68827.82813,67425.39063,80160.14063,8.878774643,7751.951243,7593.997296,7751.951243,157.9539471,12734.75,0.1850232725,18.50232725,,,0.289026281
Bulgaria,BGR,1981,72200.50781,70949.55469,85992.10156,8.905069351,8107.798487,7967.321971,8107.798487,140.4765163,15042.54687,0.2083440592,20.83440592,,,0.2961524428
Bulgaria,BGR,1982,73886.07031,74622.72656,88185.21094,8.930670738,8273.294636,8355.780741,8273.294636,-82.48610565,13562.48438,0.1835594223,18.35594223,,,0.287492281
Bulgaria,BGR,1983,76420.59375,76962.05469,89863.4375,8.953074455,8535.681696,8596.15935,8535.681696,-60.4776541,12901.38281,0.1688207612,16.88207612,,,0.2508626469
Bulgaria,BGR,1984,79016.17188,80282.59375,94177.40625,8.968855858,8810.061521,8951.263686,8810.061521,-141.2021656,13894.8125,0.1758477052,17.58477052,,,0.1762679745
Bulgaria,BGR,1985,81136.52344,81305.09375,94367.79688,8.975291252,9039.987802,9058.7694,9039.987802,-18.78159775,13062.70313,0.1609965842,16.09965842,,,0.07175267506
,,,,,,,,,,,,,,,Average,0.3576131476
Iceland,ISL,1970,2859.728271,2474.276367,3152.546143,0.204426005,13989.06304,12103.5304,13989.06304,1885.532636,678.269776,0.2371797988,23.71797988,,,
Iceland,ISL,1971,3233.232666,2852.936523,4055.674561,0.207087994,15612.84459,13776.44579,15612.84459,1836.398797,1202.738038,0.3719924182,37.19924182,28.21645063,20285.66641,1.302177284
Iceland,ISL,1972,3432.960205,3100.547852,3979.14917,0.209929004,16352.95809,14769.5068,16352.95809,1583.451294,878.601318,0.2559311106,25.59311106,,,1.371885422
Iceland,ISL,1973,3666.60791,3286.400146,4505.977051,0.212814003,17229.16659,15442.59353,17229.16659,1786.573057,1219.576905,0.3326172132,33.26172132,,,1.374273657
Iceland,ISL,1974,3875.835205,3610.523926,5135.400879,0.215562999,17980.05791,16749.27489,17980.05791,1230.78302,1524.876953,0.393431834,39.3431834,,,1.291736428
Iceland,ISL,1975,3900.87915,3408.916992,4854.30127,0.21807,17888.19714,15632.21439,17888.19714,2255.982749,1445.384278,0.3705278278,37.05278278,,,1.163001541
Iceland,ISL,1976,4133.34668,3590.5979,4673.754883,0.220291004,18763.12062,16299.33967,18763.12062,2463.780954,1083.156983,0.2620532626,26.20532626,,,1.018482139
Iceland,ISL,1977,4498.001953,3962.258789,5386.415039,0.222266003,20237.02182,17826.65246,20237.02182,2410.369363,1424.15625,0.3166197491,31.66197491,,,0.8965409228
Iceland,ISL,1978,4768.634277,4300.087891,5500.154785,0.224150002,21274.29951,19183.97436,21274.29951,2090.325148,1200.066894,0.2516584045,25.16584045,,,0.8476325549
Iceland,ISL,1979,5000.41748,4448.763672,5691.203125,0.226102993,22115.66248,19675.82832,22115.66248,2439.834169,1242.439453,0.2484671446,24.84671446,,,0.8712875229
Iceland,ISL,1980,5287.837402,4585.646484,6023.832031,0.228262007,23165.64842,20089.39878,23165.64842,3076.249645,1438.185547,0.2719799112,27.19799112,,,0.9548807698
Iceland,ISL,1981,5513.364258,4882.677734,6416.231934,0.230664,23902.1445,21167.92275,23902.1445,2734.221742,1533.5542,0.2781521641,27.81521641,,,1.052296452
Iceland,ISL,1982,5632.15332,5135.839355,6840.462891,0.233269006,24144.45629,22016.80988,24144.45629,2127.646418,1704.623536,0.302659292,30.2659292,,,1.129350917
Iceland,ISL,1983,5510.996582,4969.083008,5921.157715,0.236019,23349.80058,21053.74147,23349.80058,2296.059105,952.074707,0.1727590814,17.27590814,,,1.178893865
Iceland,ISL,1984,5738.552246,5116.961914,6514.040039,0.238808006,24029.98267,21427.09535,24029.98267,2602.887325,1397.078125,0.2434548062,24.34548062,,,1.181687068
Iceland,ISL,1985,5927.513672,5358.763184,6574.78125,0.241582006,24536.23832,22181.96327,24536.23832,2354.275045,1216.018066,0.2051480829,20.51480829,,,1.161602597
,,,,,,,,,,,,,,,Average,1.119715276
Hungary,HUN,1970,93073.20313,91053.6875,117538.1719,10.36633968,8978.405686,8783.59096,8978.405686,194.8147265,26484.4844,0.2845554199,28.45554199,,,
Hungary,HUN,1971,98843.74219,96802.0625,131078.5469,10.39844227,9505.629749,9309.284986,9505.629749,196.3447637,34276.4844,0.3467744507,34.67744507,25.7128596,12700.23391,0.3096810542
Hungary,HUN,1972,104873.2109,99472.78906,127495.3984,10.42642593,10058.40463,9540.449405,10058.40463,517.9552299,28022.60934,0.2672046474,26.72046474,,,0.2691139622
Hungary,HUN,1973,112109.4609,102945.8281,130575.8438,10.4540596,10724.01203,9847.449894,10724.01203,876.5621348,27630.0157,0.2464557003,24.64557003,,,0.2650349236
Hungary,HUN,1974,118723.9063,110240.7891,146434.75,10.48663425,11321.45009,10512.50444,11321.45009,808.9456538,36193.9609,0.3048582381,30.48582381,,,0.3115980896
Hungary,HUN,1975,126084.7969,115161.9219,155937.7031,10.52727032,11976.96963,10939.39059,11976.96963,1037.579037,40775.7812,0.323399666,32.3399666,,,0.3875034547
Hungary,HUN,1976,130456.9766,117682.5938,159207.3125,10.57845688,12332.32579,11124.74108,12332.32579,1207.584712,41524.7187,0.3183020164,31.83020164,,,0.4862282286
Hungary,HUN,1977,139252.3906,123260.2266,168803,10.63707256,13091.23256,11587.79598,13091.23256,1503.436581,45542.7734,0.3270520039,32.70520039,,,0.554104258
Hungary,HUN,1978,145644.6875,129064.3672,184750.6094,10.69382858,13619.50834,12069.05144,13619.50834,1550.456899,55686.2422,0.3823431061,38.23431061,,,0.533568044
Hungary,HUN,1979,147866.3438,132328.1719,175711.9531,10.73598862,13772.96018,12325.66246,13772.96018,1447.297725,43383.7812,0.2933986199,29.33986199,,,0.3942464542
Hungary,HUN,1980,147957.75,133196.5625,174536.5469,10.75476646,13757.41171,12384.88655,13757.41171,1372.525155,41339.9844,0.2794039812,27.94039812,,,0.1749055505
Hungary,HUN,1981,152199.3281,137021.0313,176926.6094,10.74696255,14162.07858,12749.74493,14162.07858,1412.333646,39905.5781,0.2621928664,26.21928664,,,-0.07256233809
Hungary,HUN,1982,156523.4375,138768.2344,176619.4688,10.71632385,14606.07571,12949.2386,14606.07571,1656.837116,37851.2344,0.2418247069,24.18247069,,,-0.2850917164
Hungary,HUN,1983,157655.0469,139458.2031,173441.3438,10.66969299,14775.96844,13070.49821,14775.96844,1705.470234,33983.1407,0.2155537762,21.55537762,,,-0.4351385853
Hungary,HUN,1984,161845.5938,141125.875,173786.8594,10.61723232,15243.67075,13292.15286,15243.67075,1951.517889,32660.9844,0.2018033586,20.18033586,,,-0.4916792831
Hungary,HUN,1985,161436.0156,143631.9063,174399.0313,10.56681728,15277.6386,13592.73114,15277.6386,1684.907463,30767.125,0.1905840211,19.05840211,,,-0.4748416393
,,,,,,,,,,,,,,,Average,0.1284446972
Portugal,PRT,1970,86311.32813,70246.17969,95548.1875,8.701854706,9918.727794,8072.552584,9918.727794,1846.17521,25302.00781,0.2931481691,29.31481691,,,
Portugal,PRT,1971,92035.19531,78469.35156,102804.2422,8.750506401,10517.69933,8967.406909,10517.69933,1550.292421,24334.89064,0.2644085293,26.44085293,24.60326446,12770.78327,0.5590956945
Portugal,PRT,1972,99412.45313,82164.75,110281.9297,8.839796066,11246.01206,9294.869405,11246.01206,1951.142651,28117.1797,0.2828335768,28.28335768,,,1.02039426
Portugal,PRT,1973,110547.3203,91509.61719,125772.8828,8.95896244,12339.29945,10214.30973,12339.29945,2124.989723,34263.26561,0.3099420729,30.99420729,,,1.348067004
Portugal,PRT,1974,111810.7188,101411.3203,132205.5156,9.091400146,12298.51475,11154.6427,12298.51475,1143.872048,30794.1953,0.2754136243,27.54136243,,,1.47827058
Portugal,PRT,1975,106949.6016,101589.1875,116119.3438,9.224059105,11594.63533,11013.50136,11594.63533,581.1339714,14530.1563,0.135859845,13.5859845,,,1.45916973
Portugal,PRT,1976,114329.3828,105643.0469,126177.3281,9.354494095,12221.86701,11293.29345,12221.86701,928.5735617,20534.2812,0.179606333,17.9606333,,,1.414073658
Portugal,PRT,1977,120734.7891,107887.0469,137637.7031,9.483629227,12730.86349,11376.13506,12730.86349,1354.728437,29750.6562,0.2464132867,24.64132867,,,1.380460885
Portugal,PRT,1978,124134.6328,106705.1719,138937.7969,9.605592728,12923.16219,11108.65044,12923.16219,1814.511753,32232.625,0.2596586003,25.96586003,,,1.286042485
Portugal,PRT,1979,131134.5156,107821.7031,142840.6875,9.714159966,13499.31606,11099.43664,13499.31606,2399.879411,35018.9844,0.2670462787,26.70462787,,,1.130250273
Portugal,PRT,1980,137152.7188,112811.8125,151897.9844,9.804850578,13988.25181,11505.71461,13988.25181,2482.5372,39086.1719,0.2849828442,28.49828442,,,0.9335919145
Portugal,PRT,1981,139372,116413.6016,156938.875,9.875256538,14113.25361,11788.4129,14113.25361,2324.840708,40525.2734,0.2907705522,29.07705522,,,0.7180727482
Portugal,PRT,1982,142348.1094,119350.9922,160313.3594,9.925728798,14341.32569,12024.40593,14341.32569,2316.919762,40962.3672,0.2877619336,28.77619336,,,0.5110982161
Portugal,PRT,1983,142101.6875,118807.6719,150561.0313,9.958416939,14269.50572,11930.37735,14269.50572,2339.128372,31753.3594,0.2234551887,22.34551887,,,0.3293273639
Portugal,PRT,1984,139430.2031,115844.3594,139879.5938,9.977168083,13974.92775,11610.94596,13974.92775,2363.981794,24035.2344,0.172381836,17.2381836,,,0.1882944259
Portugal,PRT,1985,143344.625,117647.8594,140990.0469,9.985574722,14355.17023,11781.78149,14355.17023,2573.388745,23342.1875,0.1628396426,16.28396426,,,0.08425876892
,,,,,,,,,,,,,,,Average,0.9226978671
Austria,AUT,1970,128551.7578,99835.89844,143575.5781,7.516239166,17103.20214,13282.69314,17103.20214,3820.508997,43739.67966,0.3402495649,34.02495649,,,
Austria,AUT,1971,135127.1406,105825.0313,150864.0313,7.550340176,17896.82815,14015.92893,17896.82815,3880.89922,45039,0.3333083184,33.33083184,32.41293905,22100.61878,0.4536977769
Austria,AUT,1972,143515.6406,111826.6563,161339.7656,7.581117153,18930.67179,14750.68305,18930.67179,4179.988735,49513.1093,0.3450014862,34.50014862,,,0.4076237134
Austria,AUT,1973,150534.1875,117267.8125,171467.3906,7.607065201,19788.7337,15415.64446,19788.7337,4373.089243,54199.5781,0.3600482987,36.00482987,,,0.3422720884
Austria,AUT,1974,156468.4531,121460.4219,176228.5469,7.626289845,20516.98221,15926.54153,20516.98221,4590.440688,54768.125,0.3500266278,35.00266278,,,0.2527209047
Austria,AUT,1975,155899.3125,125603.9219,173636.6719,7.637689114,20411.84319,16445.27815,20411.84319,3966.565037,48032.75,0.3081011021,30.81011021,,,0.1494733249
Austria,AUT,1976,163037.0781,131229.3281,185079.0469,7.640748978,21337.83986,17174.9299,21337.83986,4162.909957,53849.7188,0.3302912407,33.02912407,,,0.04006269376
Austria,AUT,1977,171319.3281,138858.8125,198290.7188,7.636576176,22434.04952,18183.38602,22434.04952,4250.663498,59431.9063,0.3469071876,34.69071876,,,-0.05461247336
Austria,AUT,1978,170958.4531,137305.5,191179.8438,7.62775898,22412.67108,18000.76541,22412.67108,4411.905671,53874.3438,0.3151312077,31.51312077,,,-0.1154600674
Austria,AUT,1979,180116.1719,143463.0156,205746.9063,7.617884159,23643.85808,18832.39658,23643.85808,4811.461494,62283.8907,0.3457984369,34.57984369,,,-0.1294590066
Austria,AUT,1980,183234.8594,146906.75,208591.7969,7.609752178,24078.95226,19305.06363,24078.95226,4773.88863,61685.0469,0.3366447143,33.66447143,,,-0.1067485516
Austria,AUT,1981,182970.4688,148973.1719,207196.3594,7.604513168,24060.77349,19590.0998,24060.77349,4470.673684,58223.1875,0.3182108451,31.82108451,,,-0.0688460002
Austria,AUT,1982,186650.4688,152324.6563,206851.125,7.602180958,24552.2265,20036.96796,24552.2265,4515.258541,54526.4687,0.2921314318,29.21314318,,,-0.03066876141
Austria,AUT,1983,192199.75,159259.2031,212383.75,7.603102207,25279.12223,20946.60821,25279.12223,4332.514019,53124.5469,0.2764027888,27.64027888,,,0.01211821983
Austria,AUT,1984,192298.2969,156905.7188,212484.2969,7.607293129,25278.15001,20625.69644,25278.15001,4652.453573,55578.5781,0.2890227266,28.90227266,,,0.05512121087
Austria,AUT,1985,197103.2188,159605.2969,218498.6094,7.614868164,25883.99622,20959.69273,25883.99622,4924.303493,58893.3125,0.2987942706,29.87942706,,,0.09957595785
,,,,,,,,,,,,,,,Average,0.08712473534
Ireland,IRL,1970,36234.12109,29082.30078,41649.00391,2.949997902,12282.76165,9858.414055,12282.76165,2424.347592,12566.70313,0.346819593,34.6819593,,,
Ireland,IRL,1971,37491.40625,30318.68164,43262.52734,2.986783028,12552.43715,10150.94882,12552.43715,2401.488338,12943.8457,0.3452483381,34.52483381,34.86988899,12552.43715,1.246954311
Ireland,IRL,1972,39924.52734,32023.00195,46563.46484,3.030395031,13174.69404,10567.26982,13174.69404,2607.424217,14540.46289,0.3641987485,36.41987485,,,1.460166426
Ireland,IRL,1973,41809.53516,34293.20703,50775.64844,3.07929492,13577.63262,11136.70756,13577.63262,2440.925058,16482.44141,0.3942268515,39.42268515,,,1.613647346
Ireland,IRL,1974,43590.71484,35276.83594,51806.08203,3.131175041,13921.51964,11266.32509,13921.51964,2655.194549,16529.24609,0.3791919025,37.91919025,,,1.684805202
Ireland,IRL,1975,46056.48828,36179.45313,49961.24609,3.1841259,14464.40553,11362.44428,14464.40553,3101.961248,13781.79296,0.2992367303,29.92367303,,,1.69108588
Ireland,IRL,1976,46698.88672,37184.09766,52832.80078,3.237593889,14423.94825,11485.1025,14423.94825,2938.845756,15648.70312,0.335097991,33.5097991,,,1.679204613
Ireland,IRL,1977,50533.47266,39295.66797,57162.70703,3.291169882,15354.25836,11939.72641,15354.25836,3414.531942,17867.03906,0.3535683997,35.35683997,,,1.654808936
Ireland,IRL,1978,54165.17578,42769.61328,62419.36328,3.343147039,16201.85267,12793.21932,16201.85267,3408.633353,19649.75,0.3627746004,36.27746004,,,1.579291221
Ireland,IRL,1979,55829.69141,44679.69922,67074.09375,3.391580105,16461.2628,13173.71191,16461.2628,3287.550889,22394.39453,0.4011197978,40.11197978,,,1.448726767
Ireland,IRL,1980,57548.87109,45565.98828,65289.375,3.434952974,16753.90363,13265.38926,16753.90363,3488.51437,19723.38672,0.342724129,34.2724129,,,1.278839587
Ireland,IRL,1981,59462.49609,46185.38281,67346.92188,3.472887993,17121.91588,13298.8403,17121.91588,3823.075581,21161.53907,0.3558804366,35.58804366,,,1.104382485
Ireland,IRL,1982,60820.30469,44094.80469,65801.58594,3.505359888,17350.65917,12579.2518,17350.65917,4771.407369,21706.78125,0.3569002385,35.69002385,,,0.9350112951
Ireland,IRL,1983,60671.71875,44328.84766,64345.30469,3.531775951,17178.81304,12551.43256,17178.81304,4627.380478,20016.45703,0.3299141254,32.99141254,,,0.7535906111
Ireland,IRL,1984,63313.59375,44906.53125,65047.01563,3.5516541,17826.50899,12643.8358,17826.50899,5182.673194,20140.48438,0.3181067949,31.81067949,,,0.5628372036
Ireland,IRL,1985,65267.20703,46648.08203,65847.96875,3.564959049,18307.98226,13085.16631,18307.98226,5222.815955,19199.88672,0.2941735612,29.41735612,,,0.3746127473
,,,,,,,,,,,,,,,Average,1.271197642
Denmark,DNK,1970,114850.6719,83306.25,113378.9063,4.931241035,23290.41941,16893.56683,23290.41941,6396.852572,30072.6563,0.2618413615,26.18413615,,,
Denmark,DNK,1971,118301.9688,85267.27344,115329.4219,4.961761951,23842.73368,17184.87793,23842.73368,6657.855755,30062.14846,0.2541136785,25.41136785,23.03066137,26868.73974,0.6189297133
Denmark,DNK,1972,122950.4609,86447.24219,118596.3438,4.990546227,24636.67408,17322.20047,24636.67408,7314.473617,32149.10161,0.2614801228,26.14801228,,,0.5801220672
Denmark,DNK,1973,127982.7266,91450.89844,126430.9531,5.017248154,25508.55024,18227.30222,25508.55024,7281.248015,34980.05466,0.2733185609,27.33185609,,,0.5350501886
Denmark,DNK,1974,126546.2266,90459.58594,123126.5938,5.041419029,25101.31093,17943.27855,25101.31093,7158.032382,32667.00786,0.2581428837,25.81428837,,,0.481755621
Denmark,DNK,1975,124703.0391,92154.39063,119645.8906,5.062728882,24631.58546,18202.51346,24631.58546,6429.071994,27491.49997,0.2204557336,22.04557336,,,0.4226955323
Denmark,DNK,1976,132091.1563,98232.01563,131483.7969,5.08126688,25995.71316,19332.18978,25995.71316,6663.523383,33251.78127,0.2517335922,25.17335922,,,0.3661661217
Denmark,DNK,1977,134561.6563,100077.1797,132926.7813,5.097044945,26399.93521,19634.353,26399.93521,6765.582209,32849.6016,0.2441230474,24.41230474,,,0.3105143928
Denmark,DNK,1978,137557.4063,103274.3281,135712.1094,5.109690189,26920.88976,20211.46572,26920.88976,6709.424042,32437.7813,0.2358126848,23.58126848,,,0.2480897096
Denmark,DNK,1979,142879.5781,105703.2969,139511.4219,5.11870718,27913.21579,20650.38948,27913.21579,7262.826314,33808.125,0.2366197147,23.66197147,,,0.1764684485
Denmark,DNK,1980,142189.4844,105201.2266,134259.9063,5.123945236,27750.0008,20531.2941,27750.0008,7218.706699,29058.6797,0.2043658842,20.43658842,,,0.1023316204
Denmark,DNK,1981,141242.3125,105211.3125,129858.5391,5.125298023,27557.8731,20527.84287,27557.8731,7030.030222,24647.2266,0.1745031369,17.45031369,,,0.02640127749
Denmark,DNK,1982,146446.5938,107341.3516,134625.2344,5.12334919,28584.15235,20951.40261,28584.15235,7632.74974,27283.8828,0.1863060252,18.63060252,,,-0.03802379864
Denmark,DNK,1983,150248.4375,108671.3125,136850.75,5.119606972,29347.65077,21226.49514,29347.65077,8121.155633,28179.4375,0.1875522832,18.75522832,,,-0.07304241544
Denmark,DNK,1984,156508.0156,110611.3828,143558.1563,5.116057873,30591.52564,21620.43228,30591.52564,8971.093357,32946.7735,0.2105117324,21.05117324,,,-0.06932366136
Denmark,DNK,1985,162774.1094,114767.5469,151233.0781,5.114243031,31827.60546,22440.76908,31827.60546,9386.836372,36465.5312,0.2240253769,22.40253769,,,-0.03547344547
,,,,,,,,,,,,,,,Average,0.2435107581
Switzerland,CHE,1970,246725.2188,137668.5313,219947.7344,6.169357777,39992.04256,22314.88856,39992.04256,17677.154,82279.2031,0.3334851763,33.34851763,,,
Switzerland,CHE,1971,256780.3594,144415.1406,230592.2188,6.221634865,41272.168,23211.76728,41272.168,18060.40072,86177.0782,0.3356061904,33.56061904,29.35407761,42790.18365,0.8473667745
Switzerland,CHE,1972,264998.625,151772.0781,238319.6406,6.270121098,42263.71722,24205.60556,42263.71722,18058.11166,86547.5625,0.3265962701,32.65962701,,,0.7793165953
Switzerland,CHE,1973,273080.8438,155891.4688,244759.8438,6.311478138,43267.33577,24699.67659,43267.33577,18567.65918,88868.375,0.3254288135,32.54288135,,,0.6595891747
Switzerland,CHE,1974,277053.9375,155596.6563,246780.7656,6.341062069,43692.03999,24537.94879,43692.03999,19154.0912,91184.1093,0.3291204237,32.91204237,,,0.4687322106
Switzerland,CHE,1975,256875.6094,151821.1563,218411.6094,6.356184959,40413.48876,23885.57874,40413.48876,16527.91002,66590.4531,0.2592322925,25.92322925,,,0.2384914362
Switzerland,CHE,1976,253269.9063,153811.375,217365.9063,6.355229855,39852.20237,24202.33076,39852.20237,15649.87161,63554.5313,0.2509359767,25.09359767,,,-0.01502637205
Switzerland,CHE,1977,259433.6094,157881.4844,222145.3906,6.341180801,40912.50787,24897.80521,40912.50787,16014.70265,64263.9062,0.2477084845,24.77084845,,,-0.2210628777
Switzerland,CHE,1978,260494.9063,161339.0469,229864.8906,6.32153511,41207.53927,25522.13095,41207.53927,15685.40832,68525.8437,0.2630602059,26.30602059,,,-0.309811242
Switzerland,CHE,1979,266985.1875,163343.3594,240607.9219,6.306539059,42334.6601,25900.63391,42334.6601,16434.0262,77264.5625,0.2893964389,28.93964389,,,-0.2372216675
Switzerland,CHE,1980,279271.7813,167244.6719,254575.5,6.303609848,44303.46865,26531.57095,44303.46865,17771.89771,87330.8281,0.3127091026,31.27091026,,,-0.04644720302
Switzerland,CHE,1981,283743.8438,169304.7188,249938.0625,6.315880775,44925.45916,26806.19297,44925.45916,18119.26619,80633.3437,0.2841765397,28.41765397,,,0.1946650776
Switzerland,CHE,1982,280028.4688,169954.8906,251827.25,6.341547966,44157.7467,26800.22157,44157.7467,17357.52513,81872.3594,0.2923715569,29.23715569,,,0.406391316
Switzerland,CHE,1983,281818.0625,172300,257670.9375,6.377095222,44192.23058,27018.571,44192.23058,17173.65959,85370.9375,0.3029292613,30.29292613,,,0.5605454093
Switzerland,CHE,1984,290296.4375,174600.375,253923.75,6.416705132,45240.73205,27210.28494,45240.73205,18030.44711,79323.375,0.2732495641,27.32495641,,,0.6211277803
Switzerland,CHE,1985,300960.75,178358.2188,259812.0781,6.456223965,46615.5994,27625.77937,46615.5994,18989.82003,81453.8593,0.2706461201,27.06461201,,,0.615874225
,,,,,,,,,,,,,,,Average,0.3041687091
Netherlands,NLD,1970,279922.5,208888.0938,300708.9688,13.00194263,21529.28281,16065.91413,21529.28281,5463.368684,91820.875,0.3280224884,32.80224884,,,
Netherlands,NLD,1971,292006.6875,216943.4375,307326.3125,13.14793205,22209.32436,16500.19461,22209.32436,5709.129749,90382.875,0.309523305,30.9523305,25.9134332,24986.50081,1.122827751
Netherlands,NLD,1972,302325.8438,222862.3594,308160.3438,13.29187298,22745.16498,16766.81381,22745.16498,5978.351171,85297.9844,0.282139242,28.2139242,,,1.094779996
Netherlands,NLD,1973,318785.1563,232095.8906,323917.125,13.43118191,23734.70618,17280.37727,23734.70618,6454.32891,91821.2344,0.2880348491,28.80348491,,,1.048075995
Netherlands,NLD,1974,329747.2813,239440.7813,331654.125,13.56243801,24313.27473,17654.70051,24313.27473,6658.574213,92213.3437,0.2796485337,27.96485337,,,0.9772490677
Netherlands,NLD,1975,329753.9688,247577.5156,332465.375,13.68329144,24099.024,18093.41829,24099.024,6005.60571,84887.8594,0.2574278627,25.74278627,,,0.8910892711
Netherlands,NLD,1976,344448.8125,260661.9219,349314.5625,13.79310989,24972.52724,18897.98051,24972.52724,6074.546732,88652.6406,0.2573753701,25.73753701,,,0.8025733463
Netherlands,NLD,1977,353130.4375,271364.5,364455.625,13.89291668,25418.02025,19532.57953,25418.02025,5885.440717,93091.125,0.2636168257,26.36168257,,,0.7235988896
Netherlands,NLD,1978,362651.7188,282857.5,376999.5625,13.98406029,25933.22049,20227.13676,25933.22049,5706.083723,94142.0625,0.2595935925,25.95935925,,,0.6560437387
Netherlands,NLD,1979,369956.125,289304.9375,380696.9375,14.06859303,26296.59727,20563.88559,26296.59727,5732.711674,91392,0.247034699,24.7034699,,,0.6044935323
Netherlands,NLD,1980,374920.625,296823.625,390776.125,14.14841461,26499.12625,20979.28518,26499.12625,5519.841067,93952.5,0.2505930422,25.05930422,,,0.5673742913
Netherlands,NLD,1981,371982.6875,291780.4688,373443.9063,14.22376347,26152.19863,20513.59118,26152.19863,5638.607452,81663.4375,0.2195355866,21.95355866,,,0.5325604464
Netherlands,NLD,1982,367367.2813,291092.3125,369084.0313,14.29521656,25698.61602,20362.91729,25698.61602,5335.698727,77991.7188,0.2122990336,21.22990336,,,0.5023500999
Netherlands,NLD,1983,374971.625,296072.1563,379366.5,14.36538506,26102.44163,20610.10931,26102.44163,5492.332323,83294.3437,0.2221350581,22.21350581,,,0.4908530046
Netherlands,NLD,1984,386452.0625,297985.625,387353.1563,14.43750572,26767.23182,20639.68879,26767.23182,6127.543027,89367.5313,0.2312512727,23.12512727,,,0.5020447395
Netherlands,NLD,1985,396423.2188,305118.75,399435.1875,14.51394939,27313.25624,21022.44825,27313.25624,6290.807991,94316.4375,0.2379185502,23.79185502,,,0.5294797556
,,,,,,,,,,,,,,,Average,0.736359595
Belgium,BEL,1970,167398.6406,134350.2188,192142.9844,9.632180214,17379.10181,13948.05909,17379.10181,3431.04272,57792.7656,0.345240352,34.5240352,,,
Belgium,BEL,1971,173681.1563,141163.2813,197725.5,9.663324356,17973.23053,14608.14892,17973.23053,3365.081602,56562.2187,0.325666986,32.5666986,29.81969598,21668.87723,0.3233342951
Belgium,BEL,1972,182809.2188,149508.2344,205994,9.692846298,18860.22054,15424.5956,18860.22054,3435.624932,56485.7656,0.3089875115,30.89875115,,,0.3055050303
Belgium,BEL,1973,194001.3906,160593.2656,223758.7969,9.720761299,19957.42768,16520.64696,19957.42768,3436.780718,63165.5313,0.3255931883,32.55931883,,,0.287995911
Belgium,BEL,1974,202148.75,165351.8281,235034.1406,9.747019768,20739.54448,16964.34726,20739.54448,3775.197217,69682.3125,0.3447081048,34.47081048,,,0.2701277008
Belgium,BEL,1975,199466.2344,168401.3281,228698.8438,9.771586418,20412.88138,17233.77565,20412.88138,3179.105723,60297.5157,0.3022943501,30.22943501,,,0.2520426816
Belgium,BEL,1976,210741.5625,176289.3438,241576,9.794776917,21515.70825,17998.30106,21515.70825,3517.407185,65286.6562,0.3097948759,30.97948759,,,0.2373258344
Belgium,BEL,1977,212061.0938,180747.6094,246546.4844,9.816696167,21602.08386,18412.26481,21602.08386,3189.819046,65798.875,0.3102826352,31.02826352,,,0.2237850865
Belgium,BEL,1978,218087.6875,187101.75,254423.3594,9.836813927,22170.56144,19020.56412,22170.56144,3149.997319,67321.6094,0.3086905555,30.86905555,,,0.204934121
Belgium,BEL,1979,223193.2344,195228.7031,262830.5313,9.854376793,22649.14759,19811.36983,22649.14759,2837.77776,67601.8282,0.3028847554,30.28847554,,,0.1785422204
Belgium,BEL,1980,233191.1875,195117.3125,272283.4063,9.868994713,23628.66678,19770.73838,23628.66678,3857.928402,77166.0938,0.3309134218,33.09134218,,,0.1483393654
Belgium,BEL,1981,232539.9219,197486.4688,261985.6875,9.880592346,23535.01832,19987.31067,23535.01832,3547.707655,64499.2187,0.2773683683,27.73683683,,,0.1175158498
Belgium,BEL,1982,233923.5,200482.4844,260688.8281,9.889823914,23652.94893,20271.59292,23652.94893,3381.356017,60206.3437,0.2573762093,25.73762093,,,0.09343132149
Belgium,BEL,1983,234652.9688,200627.6094,254807.2656,9.897879601,23707.39777,20269.7565,23707.39777,3437.64127,54179.6562,0.2308926943,23.08926943,,,0.08145430161
Belgium,BEL,1984,240440.4063,201279.4688,261429.875,9.906371117,24271.29001,20318.18377,24271.29001,3953.106242,60150.4062,0.2501676283,25.01676283,,,0.08579126381
Belgium,BEL,1985,244411.9844,206886.1563,265615.8438,9.916578293,24646.80631,20862.65546,24646.80631,3784.150842,58729.6875,0.2402897208,24.02897208,,,0.103036479
,,,,,,,,,,,,,,,Average,0.1942107642
Albania,ALB,1970,8699.78125,5248.835938,7541.133789,2.150598049,4045.284638,2440.640147,4045.284638,1604.644491,2292.297851,0.2634891367,26.34891367,,,
Albania,ALB,1971,9047.84375,5459.750977,7842.46582,2.20203495,4108.855652,2479.41159,4108.855652,1629.444062,2382.714843,0.2633461528,26.33461528,26.3295112,4556.959697,2.391748706
Albania,ALB,1972,9411.016602,5678.953613,8156.318848,2.253844023,4175.540324,2519.674634,4175.540324,1655.86569,2477.365235,0.2632409802,26.32409802,,,2.352781594
Albania,ALB,1973,9789.142578,5904.036133,8487.194336,2.306003094,4245.069143,2560.289771,4245.069143,1684.779372,2583.158203,0.2638799244,26.38799244,,,2.314227181
Albania,ALB,1974,10177.83398,6144.722168,8820.646484,2.358463049,4315.451957,2605.392597,4315.451957,1710.05936,2675.924316,0.2629168762,26.29168762,,,2.274929949
Albania,ALB,1975,10590.36328,6390.791992,9175.272461,2.411228895,4392.102012,2650.429416,4392.102012,1741.672596,2784.480469,0.2629258691,26.29258691,,,2.237297973
Albania,ALB,1976,11017.14648,6634.230957,9562.516602,2.464335918,4470.63503,2692.096848,4470.63503,1778.538182,2928.285645,0.2657934748,26.57934748,,,2.202487831
Albania,ALB,1977,11439.00391,6927.235352,9901.5625,2.517872095,4543.12351,2751.226071,4543.12351,1791.897439,2974.327148,0.2600162716,26.00162716,,,2.172438287
Albania,ALB,1978,11931.07324,7189.751465,10326.95801,2.571850061,4639.101408,2795.556232,4639.101408,1843.545177,3137.206545,0.2629442031,26.29442031,,,2.143793011
Albania,ALB,1979,12403.55566,7421.45166,10824.21484,2.62628603,4722.85026,2825.835258,4722.85026,1897.015003,3402.76318,0.27433772,27.433772,,,2.116607411
Albania,ALB,1980,12804.35156,7884.937988,10987.90137,2.68123889,4775.535521,2940.781598,4775.535521,1834.753923,3102.963382,0.2423366281,24.23366281,,,2.092417177
Albania,ALB,1981,13540.03613,8038.57959,11712.69824,2.735328913,4950.057767,2938.798165,4950.057767,2011.259602,3674.11865,0.2713522043,27.13522043,,,2.017351874
Albania,ALB,1982,13939.28516,8161.65332,12448.75879,2.788314104,4999.180379,2927.092507,4999.180379,2072.087873,4287.10547,0.3075556186,30.75556186,,,1.937068363
Albania,ALB,1983,14093.30566,8608.168945,12405.26367,2.842623949,4957.850885,3028.247527,4957.850885,1929.603357,3797.094725,0.2694254149,26.94254149,,,1.947766391
Albania,ALB,1984,13916.91309,8918.729492,12140.16113,2.901592016,4796.302517,3073.73657,4796.302517,1722.565947,3221.431638,0.2314760189,23.14760189,,,2.074423774
Albania,ALB,1985,14164.72266,8968.161133,12476.55469,2.966798067,4774.414146,3022.841774,4774.414146,1751.572372,3508.393557,0.2476852983,24.76852983,,,2.247250842
,,,,,,,,,,,,,,,Average,2.168172691
Turkey,TUR,1970,251850.8438,208142.9531,241025.8906,34.87626648,7221.267332,5968.039991,7221.267332,1253.227341,32882.9375,0.1305651274,13.05651274,,,
Turkey,TUR,1971,265873.625,226240.6406,253367.4375,35.72056961,7443.151884,6333.623542,7443.151884,1109.528343,27126.7969,0.1020289128,10.20289128,12.33633081,8620.68767,2.420852962
Turkey,TUR,1972,285617.4375,241059.0156,273832.8438,36.58722687,7806.479527,6588.611278,7806.479527,1217.868248,32773.8282,0.1147472944,11.47472944,,,2.426213438
Turkey,TUR,1973,294933.625,246491.3281,285216.9375,37.47229767,7870.710988,6577.961412,7870.710988,1292.749575,38725.6094,0.1313027953,13.13027953,,,2.419070467
Turkey,TUR,1974,311432.7813,231623.4688,299216.4063,38.37023926,8116.519138,6036.539601,8116.519138,2079.979537,67592.9375,0.2170386085,21.70386085,,,2.396281109
Turkey,TUR,1975,333772.2813,254517.6094,324840.4375,39.27721024,8497.861209,6480.032768,8497.861209,2017.828441,70322.8281,0.2106910371,21.06910371,,,2.363735534
Turkey,TUR,1976,368695,280794.8438,357942.0625,40.18951035,9173.911222,6986.769467,9173.911222,2187.141755,77147.2187,0.2092440058,20.92440058,,,2.322721253
Turkey,TUR,1977,381248.4063,329095.1875,377722.0313,41.10824966,9274.255398,8005.575285,9274.255398,1268.680112,48626.8438,0.127546353,12.7546353,,,2.286017675
Turkey,TUR,1978,386984.3125,333341.5625,362386.1875,42.03993607,9205.159395,7929.164353,9205.159395,1275.995042,29044.625,0.07505375299,7.505375299,,,2.26642199
Turkey,TUR,1979,384567.625,328841.75,359537.7188,42.99399185,8944.68293,7648.551248,8944.68293,1296.131683,30695.9688,0.07981943046,7.981943046,,,2.269403499
Turkey,TUR,1980,375161.9063,339045.6875,368749.6875,43.97592163,8531.07547,7709.802886,8531.07547,821.2725842,29704,0.07917648221,7.917648221,,,2.283876741
Turkey,TUR,1981,393376.625,328906.6563,382455.6563,44.98835754,8743.965028,7310.9283,8743.965028,1433.036728,53549,0.1361265429,13.61265429,,,2.302250578
Turkey,TUR,1982,407391.9375,344532.7188,385428.5,46.02535629,8851.467329,7485.715409,8851.467329,1365.75192,40895.7812,0.1003843656,10.03843656,,,2.305038029
Turkey,TUR,1983,427635.5,371246.8125,407798,47.07342148,9084.436324,7886.548307,9084.436324,1197.888017,36551.1875,0.08547276243,8.547276243,,,2.277147369
Turkey,TUR,1984,456337.4688,398881.75,432921.5938,48.11410522,9484.484159,8290.328754,9484.484159,1194.155405,34039.8438,0.07459357631,7.459357631,,,2.210767153
Turkey,TUR,1985,475693.4063,401887.3438,449467.0938,49.13388443,9681.57539,8179.433571,9681.57539,1502.141818,47579.75,0.1000218825,10.00218825,,,2.119501559
,,,,,,,,,,,,,,,Average,2.311286624
Cyprus,CYP,1970,4055.709229,2949.960449,5230.320313,0.613620996,6609.469453,4807.46335,6609.469453,1802.006103,2280.359864,0.5622592092,56.22592092,,,
Cyprus,CYP,1971,4581.561035,3256.139404,5685.358887,0.620859027,7379.390225,5244.571251,7379.390225,2134.818974,2429.219483,0.5302165494,53.02165494,51.09381997,9868.873288,1.179560518
Cyprus,CYP,1972,4897.878418,3566.696289,6093.449219,0.628001988,7799.144766,5679.434711,7799.144766,2119.710056,2526.75293,0.51588723,51.588723,,,1.15049644
Cyprus,CYP,1973,5022.793457,3932.185791,6562.365723,0.635110974,7908.528844,6191.336557,7908.528844,1717.192287,2630.179932,0.523648833,52.3648833,,,1.132000557
Cyprus,CYP,1974,4173.227051,3343.559814,5179.104492,0.520500004,8017.727222,6423.745991,8017.727222,1593.981231,1835.544678,0.4398382009,43.98382009,,,-18.04581793
Cyprus,CYP,1975,3379.994141,2831.294189,4193.231934,0.502200007,6730.37454,5637.782058,6730.37454,1092.592482,1361.937745,0.4029408597,40.29408597,,,-3.515849541
Cyprus,CYP,1976,3987.479736,3226.998779,4891.654785,0.497900009,8008.595429,6481.218559,8008.595429,1527.376869,1664.656006,0.4174707124,41.74707124,,,-0.8562321665
Cyprus,CYP,1977,4616.441406,3732.513184,6178.976074,0.497500002,9279.279171,7502.539033,9279.279171,1776.740138,2446.46289,0.5299456172,52.99456172,,,-0.0803388216
Cyprus,CYP,1978,4969.329102,4085.16748,6861.999512,0.499599993,9946.615636,8176.876576,9946.615636,1769.73906,2776.832032,0.5587941501,55.87941501,,,0.422108742
Cyprus,CYP,1979,5459.873535,4319.438477,7527.452637,0.503199995,10850.30523,8583.939825,10850.30523,2266.3654,3208.01416,0.5875619901,58.75619901,,,0.7205768716
Cyprus,CYP,1980,5783.100586,4581.959473,7937.236328,0.508599997,11370.62647,9008.964805,11370.62647,2361.66166,3355.276855,0.5801864943,58.01864943,,,1.073132364
Cyprus,CYP,1981,5959.544434,4698.718262,7782.54834,0.514999986,11571.93125,9123.725029,11571.93125,2448.206226,3083.830078,0.5174607073,51.74607073,,,1.258354117
Cyprus,CYP,1982,6334.487793,5182.774414,8386.911133,0.520799994,12162.99513,9951.56389,12162.99513,2211.431245,3204.136719,0.5058241209,50.58241209,,,1.126215176
Cyprus,CYP,1983,6671.404297,5551.864258,8769.330078,0.52759999,12644.81506,10522.8665,12644.81506,2121.94856,3217.46582,0.4822771454,48.22771454,,,1.305682811
Cyprus,CYP,1984,7260.057617,5797.219238,9668.628906,0.534799993,13575.2762,10839.97628,13575.2762,2735.299922,3871.409668,0.5332477884,53.32477884,,,1.364670799
Cyprus,CYP,1985,7600.776855,6122.348633,9827.359375,0.541100025,14046.89799,11314.6338,14046.89799,2732.264191,3705.010742,0.4874515872,48.74515872,,,1.17801647
,,,,,,,,,,,,,,,Average,-0.7058282394
Luxembourg,LUX,1970,6211.063965,5469.14502,8619.163086,0.339668006,18285.69031,16101.44295,18285.69031,2184.247359,3150.018066,0.5071623934,50.71623934,,,
Luxembourg,LUX,1971,6376.728027,5748.237305,9168.041992,0.342225999,18633.09055,16796.61195,18633.09055,1836.478596,3419.804687,0.5362945813,53.62945813,45.66444193,21390.46047,0.7530862356
Luxembourg,LUX,1972,6797.476563,6018.874023,9552.106445,0.345102996,19696.95031,17440.8049,19696.95031,2256.145409,3533.232422,0.5197858925,51.97858925,,,0.8406716639
Luxembourg,LUX,1973,7362.528809,6336.689941,10119.45215,0.348172992,21146.18014,18199.83194,21146.18014,2946.348199,3782.762209,0.513785726,51.3785726,,,0.8895883361
Luxembourg,LUX,1974,7672.67334,6611.656738,10082.88086,0.351188987,21847.70487,18826.49224,21847.70487,3021.212627,3471.224122,0.4524139069,45.24139069,,,0.8662346217
Luxembourg,LUX,1975,7168.473145,6931.095215,10184.99805,0.353983015,20250.89578,19580.30448,20250.89578,670.5912994,3253.902835,0.453918536,45.3918536,,,0.7955910075
Luxembourg,LUX,1976,7350.146484,7143.312012,10462.48926,0.356563985,20613.8219,20033.74517,20613.8219,580.0767343,3319.177248,0.4515797413,45.15797413,,,0.7291225541
Luxembourg,LUX,1977,7465.527344,7316.96875,10205.23438,0.35896799,20797.19516,20383.34602,20797.19516,413.8491401,2888.26563,0.386880323,38.6880323,,,0.6742141947
Luxembourg,LUX,1978,7769.745117,7513.012207,11021.63574,0.361072987,21518.48905,20807.46131,21518.48905,711.0277402,3508.623533,0.4515751135,45.15751135,,,0.5864024255
Luxembourg,LUX,1979,7951.993164,7755.121582,10947.79297,0.362789005,21919.05778,21376.3964,21919.05778,542.6613797,3192.671388,0.4014932259,40.14932259,,,0.4752551594
Luxembourg,LUX,1980,8018.859863,7978.306152,11623.62793,0.364037991,22027.53576,21916.13609,22027.53576,111.3996671,3645.321778,0.4545935258,45.45935258,,,0.3442733883
Luxembourg,LUX,1981,7974.680176,8110.445801,11762.53711,0.364780992,21861.55625,22233.74019,21861.55625,-372.183935,3652.091309,0.4579608496,45.79608496,,,0.2040998518
Luxembourg,LUX,1982,8064.897461,8163.520508,11892.82031,0.365098,22089.67855,22359.80616,22089.67855,-270.1276014,3729.299802,0.4624113103,46.24113103,,,0.08690365094
Luxembourg,LUX,1983,8305.962891,8230.332031,11827.77441,0.365305007,22737.06282,22530.02799,22737.06282,207.0348299,3597.442379,0.4331156335,43.31156335,,,0.05669902328
Luxembourg,LUX,1984,8819.848633,8363.099609,12129.02539,0.365794986,24111.45306,22862.80548,24111.45306,1248.64758,3765.925781,0.4269830399,42.69830399,,,0.1341287392
Luxembourg,LUX,1985,9066.072266,8574.930664,12168.33105,0.366883993,24711.00522,23372.32157,24711.00522,1338.683648,3593.400386,0.3963569096,39.63569096,,,0.2977096575
,,,,,,,,,,,,,,,Average,0.5155987006
Malta,MLT,1970,1243.009399,1219.171997,1622.299927,0.320086002,3883.360694,3808.888828,3883.360694,74.47186647,403.12793,0.3243160754,32.43160754,,,
Malta,MLT,1971,1273.512695,1247.076294,1660.33374,0.320077986,3978.757524,3896.163899,3978.757524,82.59362454,413.257446,0.3245020231,32.45020231,33.8283651,7314.763021,-0.002504326946
Malta,MLT,1972,1347.864502,1327.033081,1762.236694,0.320317,4207.90811,4142.874343,4207.90811,65.03376655,435.203613,0.3228838005,32.28838005,,,0.07467367656
Malta,MLT,1973,1403.749023,1373.776001,1830.344604,0.320854008,4375.0397,4281.623314,4375.0397,93.41638643,456.568603,0.3252494538,32.52494538,,,0.1676489228
Malta,MLT,1974,1544.634766,1505.216675,2006.122314,0.32168299,4801.729697,4679.192627,4801.729697,122.5370698,500.905639,0.3242874303,32.42874303,,,0.2583673507
Malta,MLT,1975,1846.766724,1847.609863,2434.624512,0.322820991,5720.7145,5723.326285,5720.7145,-2.611784932,587.014649,0.3178607462,31.78607462,,,0.3537647421
Malta,MLT,1976,2161.032471,2077.02124,2801.618896,0.32427901,6664.114557,6405.043731,6664.114557,259.0708261,724.597656,0.335301605,33.5301605,,,0.4516493786
Malta,MLT,1977,2424.336426,2332.424316,3113.647461,0.326079011,7434.812865,7152.942193,7434.812865,281.8706721,781.223145,0.3222420521,32.22420521,,,0.5550778633
Malta,MLT,1978,2694.92041,2457.450928,3266.491699,0.328200996,8211.189006,7487.640068,8211.189006,723.5489377,809.040771,0.3002095231,30.02095231,,,0.6507579232
Malta,MLT,1979,2977.638428,2563.853516,3449.977783,0.330610991,9006.471379,7754.894985,9006.471379,1251.576394,886.124267,0.2975929712,29.75929712,,,0.7343045967
Malta,MLT,1980,3187.553467,2701.709229,3682.071777,0.333274007,9564.362657,8106.570486,9564.362657,1457.79217,980.362548,0.3075595619,30.75595619,,,0.8054832031
Malta,MLT,1981,3293.117676,2811.256592,3970.114502,0.336192995,9795.319132,8362.032029,9795.319132,1433.287103,1158.85791,0.3519029758,35.19029758,,,0.8758522833
Malta,MLT,1982,3368.347168,2910.036865,4391.708008,0.339341998,9926.113443,8575.528176,9926.113443,1350.585267,1481.671143,0.4398807691,43.98807691,,,0.9366652628
Malta,MLT,1983,3347.719727,2935.984375,4236.611328,0.342628002,9770.712573,8569.014669,9770.712573,1201.697904,1300.626953,0.3885113029,38.85113029,,,0.9683458043
Malta,MLT,1984,3379.267578,3016.169922,4271.602051,0.345948011,9768.137034,8718.564137,9768.137034,1049.572897,1255.432129,0.3715101276,37.15101276,,,0.9689835567
Malta,MLT,1985,3466.631104,3169.590332,4413.167969,0.349195987,9927.465472,9076.823474,9927.465472,850.6419978,1243.577637,0.3587279984,35.87279984,,,0.9388624582
,,,,,,,,,,,,,,,Average,0.5825288464